t_year,Pf_true,predictive_mean,predictive_std,q025,q975
3.9863107460643397,0.0,1.1889301962795188e-05,3.4551206708411075e-06,9.471876912167923e-06,1.8749726109717813e-05
4.0629705681040384,0.0,1.1565162050207316e-05,2.404554994347984e-06,9.742609197094984e-06,1.4749482286219972e-05
4.139630390143737,0.0,1.1242235949773908e-05,1.8115347090930279e-06,9.695251422815292e-06,1.3874576881461406e-05
4.216290212183436,0.0,1.106085387092056e-05,1.321730836949227e-06,9.657014391317869e-06,1.4229337771041628e-05
4.292950034223135,0.0,1.104344926438595e-05,1.2171576547631414e-06,9.862862629150489e-06,1.4078173477264498e-05
4.369609856262834,0.0,1.1016089423381143e-05,1.0535429157549534e-06,1.005916950372744e-05,1.2665141509608523e-05
4.446269678302532,0.0,1.1120606222311833e-05,1.0651268604014299e-06,9.891743943550562e-06,1.3981466630384818e-05
4.522929500342231,0.0,1.1464205569018302e-05,1.6169292618508741e-06,9.904492111327083e-06,1.5897757187010104e-05
4.59958932238193,0.0,1.1289760600687222e-05,1.2006115168447358e-06,9.68874960219384e-06,1.4088267629612498e-05
4.676249144421629,0.0,1.1260987153655153e-05,1.0243891016161627e-06,9.80985385990607e-06,1.4011919557306856e-05
4.7529089664613275,0.0,1.1554950804480597e-05,1.0606662317543702e-06,1.026142657763723e-05,1.3903684337135886e-05
4.829568788501026,0.0,1.1567044839586689e-05,8.461785411116272e-07,1.0342260340242621e-05,1.3329997733377595e-05
4.906228610540725,0.0,1.2072136916395509e-05,1.2566387026794517e-06,1.0330591586382116e-05,1.4932254876306123e-05
4.982888432580425,0.0,1.2228077686099008e-05,1.14774842099818e-06,1.0542618937416264e-05,1.4456851938913853e-05
5.059548254620124,0.0,1.190026751736789e-05,1.0158573201357703e-06,1.0497507997051332e-05,1.4408702892190386e-05
5.136208076659822,0.0,1.2130939497008226e-05,1.1196303137356928e-06,1.0611561253138182e-05,1.4906268428712967e-05
5.212867898699521,0.0,1.2462209991116857e-05,1.2201792155087467e-06,1.0402283631297229e-05,1.4808008664751982e-05
5.28952772073922,0.0,1.2745463889616123e-05,1.6838303275420641e-06,1.0573233905921743e-05,1.7363500568211955e-05
5.366187542778919,0.0,1.2864784792282081e-05,1.4941869617330647e-06,1.0762827938373076e-05,1.6613618774211033e-05
5.4428473648186175,0.0,1.3256472494431826e-05,1.6098695654833997e-06,1.1080402218303732e-05,1.6598776148008747e-05
5.519507186858316,0.0,1.3216537802541912e-05,1.6852857570439583e-06,1.1301895958170532e-05,1.6954479543394486e-05
5.596167008898015,0.0,1.361925356992777e-05,2.030812845270439e-06,1.1488040967786872e-05,1.9253228638233797e-05
5.672826830937714,0.0,1.3524470838736033e-05,1.4000633183561243e-06,1.130543770778139e-05,1.626380080170829e-05
5.749486652977413,0.0,1.4020746493905532e-05,1.4434896910057334e-06,1.1969026225935626e-05,1.7051400533146895e-05
5.8261464750171115,0.0,1.472782175757903e-05,2.42073278869907e-06,1.1531562149929623e-05,1.9824509669099834e-05
5.90280629705681,0.0,1.5183423553446864e-05,2.177606608504538e-06,1.2546474399857452e-05,1.9567969408252013e-05
5.979466119096509,0.0,1.4869536005104372e-05,2.1581996699255164e-06,1.1878210879567283e-05,1.9957680082920127e-05
6.056125941136208,0.0,1.5138696232475596e-05,2.329536369661678e-06,1.1837198235750105e-05,1.9254289335018864e-05
6.132785763175907,0.0,1.614955146969106e-05,2.1221930566492232e-06,1.2145867958071658e-05,2.065676478443889e-05
6.209445585215605,0.0,1.6168034545152737e-05,2.7602144413173668e-06,1.3125563029074073e-05,2.4000416342751586e-05
6.286105407255304,0.0,1.6688257756044177e-05,3.5668549729091647e-06,1.3467509575577469e-05,2.595433348383325e-05
6.362765229295003,0.0,1.776177637810015e-05,3.3529369377491047e-06,1.4438811626589018e-05,2.733461802319553e-05
6.439425051334703,0.0,1.799801131037034e-05,3.018212272604652e-06,1.439783023224022e-05,2.5244407496442223e-05
6.5160848733744015,0.0,1.8617998334123816e-05,3.969383001614637e-06,1.3904053180162452e-05,2.7575118108732344e-05
6.5927446954141,0.0,1.8890743297921426e-05,3.3590214015378714e-06,1.4492737177149069e-05,2.7174166624852145e-05
6.669404517453799,0.0,1.9434184199434847e-05,3.444477639066461e-06,1.5037816972494511e-05,2.7367856056757884e-05
6.746064339493498,0.0,2.0696236260480357e-05,3.276909767765189e-06,1.6173615580855884e-05,2.7872103486044915e-05
6.822724161533197,0.0,2.2943816432909723e-05,5.407551659103948e-06,1.6998248099289765e-05,3.732598387326992e-05
6.899383983572895,0.0,2.2880764050119185e-05,3.32205497239986e-06,1.7247606768367592e-05,3.0264232680154306e-05
6.976043805612594,0.0,2.3863273424188803e-05,6.377084044426065e-06,1.7541730534493382e-05,4.6359243702592924e-05
7.052703627652293,0.0,2.455925714166602e-05,4.264963953234162e-06,1.8058255652806273e-05,3.3945842666546406e-05
7.129363449691992,0.0,2.6708267579750528e-05,5.16813429012412e-06,1.8649630900663046e-05,3.8494206066933985e-05
7.2060232717316905,0.0,2.7747639826412308e-05,6.152415980181817e-06,1.8210305190742033e-05,4.039724422429968e-05
7.282683093771389,0.0,2.82208582816717e-05,5.686270200175966e-06,2.0275254813025882e-05,4.068261574142968e-05
7.359342915811088,0.0,3.117105345649272e-05,8.436353035455946e-06,2.2235935376208536e-05,5.019291591353527e-05
7.436002737850787,0.0,3.538448763248804e-05,8.281440422397661e-06,2.068079409186852e-05,5.190356244390433e-05
7.512662559890486,0.0,3.7404914124490224e-05,1.0190201312910781e-05,2.4656621738673633e-05,6.370346858734473e-05
7.5893223819301845,0.0,3.7398055257570096e-05,8.050881357300561e-06,2.4248270894611907e-05,5.7474762106144575e-05
7.665982203969883,0.0,4.2561856157065505e-05,9.005291418423275e-06,2.7846354859215913e-05,5.967643044608359e-05
7.742642026009582,0.0,4.5540127772242996e-05,1.1036043030431326e-05,3.199278499447006e-05,7.362087333147643e-05
7.819301848049282,0.0,4.657758912686427e-05,1.028998231405607e-05,2.9136172182598457e-05,6.5622618821227e-05
7.8959616700889805,0.0,5.1363957847362864e-05,1.2898414188199847e-05,3.6701684688334044e-05,7.77860208878929e-05
7.972621492128679,0.0,5.894975569742596e-05,1.2726974451295975e-05,3.895653208225306e-05,8.564148672779006e-05
8.049281314168377,0.0,6.57712736632162e-05,1.896272769575503e-05,3.8322332641971805e-05,0.00011822443135094591
8.125941136208077,0.0,7.269491079167052e-05,1.6245586952781844e-05,4.801220209327976e-05,0.00010631218457231812
8.202600958247775,0.0,7.857837717115099e-05,1.828561304363025e-05,5.1947615815682494e-05,0.00012344041247929917
8.279260780287474,0.0,9.564879359120312e-05,2.288873717745011e-05,6.114151194423684e-05,0.00013712795239126176
8.355920602327172,0.0,9.979704892673859e-05,2.1550799667179854e-05,6.602671744197336e-05,0.00014368344456921879
8.432580424366872,0.0,0.00011255546131653598,2.4465842007285083e-05,7.24975097292891e-05,0.0001575833625945419
8.509240246406572,0.0,0.00012237466243224194,2.3666967482230225e-05,8.606534165072152e-05,0.00016627594883380844
8.58590006844627,0.0,0.00014901273792626785,3.332430545995737e-05,0.00010583805567320216,0.00023578385413982553
8.66255989048597,0.0,0.00016382637971909249,2.588876813488965e-05,0.00012422074243992925,0.00021783864773692438
8.739219712525667,0.0,0.00019233505823801285,3.807795753391651e-05,0.00014131211733170473,0.0002821065213368016
8.815879534565367,0.0,0.00023365934940027336,5.5694933892313544e-05,0.00014125034808596233,0.0003510788055172888
8.892539356605065,0.0,0.0002738894112208749,4.7209664657664005e-05,0.0001856497083985063,0.00036037468239943156
8.969199178644764,0.0,0.0003296693233450359,6.595504120916309e-05,0.00021794218417076576,0.0004773597949114452
9.045859000684462,0.0,0.00038839285895820604,7.21277198269771e-05,0.0002632463603701802,0.0005385001953936823
9.122518822724162,0.0,0.00047012107042860413,7.992862032301101e-05,0.00033515106270653094,0.0006509036350694389
9.19917864476386,0.0,0.0005545578700644712,0.0001061822744238721,0.0003565987200057751,0.000718514679563508
9.27583846680356,0.0,0.000677606453267011,0.0001177780179533026,0.0004900410888064591,0.000905372389131408
9.352498288843258,0.0,0.0008333880522781176,0.00015960574543069306,0.000535653385795042,0.0011819037577558303
9.429158110882957,0.0,0.0009884337561477249,0.00014645030616432952,0.0006944221635240071,0.0012543137276194636
9.505817932922655,0.0,0.001212036474358294,0.00018176114423036816,0.0008685306297759922,0.0015605291067132638
9.582477754962355,0.0,0.0014519982303957983,0.00021205302602627204,0.0010922667727611087,0.0018729350126107562
9.659137577002053,0.0,0.001782291657272427,0.0002506666072930335,0.0013436295118586532,0.002264231741354505
9.735797399041752,0.0,0.0020880926488107366,0.00028285234389163337,0.001571282585883943,0.00260019403750803
9.81245722108145,0.0,0.002484711006684428,0.00030321145985367126,0.0019033580230794973,0.0030731333721453896
9.88911704312115,0.0,0.002890942441268848,0.0003550196005793176,0.0023333895789492483,0.0036081017752801333
9.96577686516085,0.0,0.003355893189163354,0.0003306242518334212,0.002715202363588901,0.0037339837145251233
10.042436687200547,0.0,0.0037681458602820367,0.00036364272737996254,0.0031529465470463963,0.004391982687827729
10.119096509240247,0.0,0.0041878050101497605,0.0003421864940137276,0.003576829934637158,0.004772950705838958
10.195756331279945,0.0,0.004609176973047357,0.00032862644099247756,0.0040307425909812886,0.0052247162124004695
10.272416153319645,0.006666666666666667,0.00502725952889154,0.00033193480272612606,0.004410750915113126,0.0056596971919634035
10.349075975359343,0.006666666666666667,0.005462811438380899,0.0002734726901750572,0.005019383472940895,0.0060554783449547935
10.425735797399042,0.006666666666666667,0.005884472797696851,0.0002824918790739897,0.0053248768428510685,0.00648738957777043
10.50239561943874,0.006666666666666667,0.006224060297451404,0.000313581883566301,0.0055236492972986434,0.00684745896034914
10.57905544147844,0.006666666666666667,0.006650855257209625,0.0003193142569704916,0.006053892392200675,0.007214306963281699
10.655715263518138,0.006666666666666667,0.007034852582066289,0.0003493840202894074,0.006270013173308931,0.007706568353004732
10.732375085557837,0.006666666666666667,0.007428732152041144,0.00035433637856037106,0.0067712662737572605,0.008233623381215305
10.809034907597535,0.006666666666666667,0.007838818660388486,0.0003221681504433276,0.007316710943804408,0.008421900488197007
10.885694729637235,0.006666666666666667,0.008181772629400123,0.00030108398060731275,0.007682565419348201,0.008783975696373132
10.962354551676933,0.006666666666666667,0.00858721090953927,0.00033281431327991163,0.007882704126588312,0.009133906398701343
11.039014373716633,0.006666666666666667,0.008968653862033294,0.00031142454436030535,0.008350814106090265,0.009450657832203585
11.11567419575633,0.006666666666666667,0.00938745753409494,0.0003370446508635406,0.00878664278742499,0.01000532653326336
11.19233401779603,0.006666666666666667,0.00978089421294982,0.00031245814092022107,0.009221778029321871,0.01038091324639356
11.268993839835728,0.006666666666666667,0.01017833682597126,0.0003132228792987643,0.009600789937473745,0.010849557217813298
11.345653661875428,0.006666666666666667,0.010598113533596605,0.0003508497066499107,0.010024276516678435,0.011231410421765028
11.422313483915127,0.006666666666666667,0.011021607370952445,0.00029493755906017044,0.010547951977935649,0.01160389141186545
11.498973305954825,0.006666666666666667,0.011456390884032077,0.00030235327880141863,0.010962242775388757,0.01212660403348272
11.575633127994525,0.006666666666666667,0.011851667228540022,0.0003184122055374684,0.011151890282241568,0.01237461224664017
11.652292950034223,0.006666666666666667,0.01226363696418661,0.00036836551119019304,0.011565093832361685,0.012881407881993238
11.728952772073923,0.006666666666666667,0.012691327374929723,0.00034668040770886947,0.012024967997284022,0.01331005295996666
11.80561259411362,0.006666666666666667,0.01314472136825094,0.0004086291140855261,0.012351141573508306,0.013866847145477514
11.88227241615332,0.013333333333333334,0.01350199429813769,0.000389987727281633,0.012822294450967085,0.014288534311505691
11.958932238193018,0.013333333333333334,0.013869024970279826,0.0003718488005447553,0.013153700283199675,0.01449819401528237
12.035592060232718,0.013333333333333334,0.014309816036981858,0.00042643690768338416,0.013539033522992698,0.015101949161511067
12.112251882272416,0.013333333333333334,0.014727709175927452,0.00038807170159778126,0.014058087293724918,0.015348573803793644
12.188911704312115,0.013333333333333334,0.015115039661504893,0.0003694916894335937,0.014374770985234977,0.015777317931729415
12.265571526351813,0.013333333333333334,0.015504154473359295,0.000364635960782743,0.01483318025764705,0.01605939487179456
12.342231348391513,0.02,0.01582932995600093,0.00038251900161810745,0.015009677241757488,0.01649515350561798
12.41889117043121,0.02,0.01619113845578509,0.00037486060225038435,0.015408077664770358,0.01680950186099489
12.49555099247091,0.02,0.016573889293475624,0.0003632212844318258,0.01581755732793619,0.017196366736478813
12.572210814510608,0.02,0.016869382324106407,0.0003517531392897535,0.016245372729724906,0.01753941436306579
12.648870636550308,0.02,0.017203609119477447,0.0003482522464543585,0.016582763386379845,0.01785652025064079
12.725530458590006,0.02,0.01751923309354331,0.00031488664165183486,0.016992640683915674,0.018099785684564114
12.802190280629706,0.02,0.017790869607261763,0.0003152292987668489,0.017216507619676517,0.018365875805523547
12.878850102669405,0.02,0.018095618103242936,0.0003400829460958174,0.01757160776487231,0.018576112027899886
12.955509924709103,0.02,0.018347881268205427,0.000299354056217395,0.017802490010950623,0.01878746546519138
13.032169746748803,0.02,0.01857684942524785,0.0003092201393147261,0.018024810876880553,0.019072806137342718
13.1088295687885,0.02,0.018784259571353018,0.0003003033285452244,0.018244829007798967,0.019218061976419697
13.1854893908282,0.02,0.019014600743941738,0.0002966037197517674,0.018496553874082073,0.019407136954828347
13.262149212867898,0.02,0.019236072686732324,0.00028205085004853086,0.018634552907569216,0.01966527054214322
13.338809034907598,0.02,0.01946836041283421,0.00026909874440183987,0.018986350836586015,0.019847805371052994
13.415468856947296,0.02,0.019671796175259215,0.00026579311420485045,0.019217802043653347,0.020037420185001358
13.492128678986996,0.02,0.01988007471193036,0.0002601548767928486,0.019282633057553355,0.02027473951497229
13.568788501026694,0.02,0.02010303062026773,0.00026507998417855423,0.019557472200904095,0.020486232911541464
13.645448323066393,0.02,0.02031079524539789,0.0002556919196831279,0.01975558354126612,0.020728691312482925
13.722108145106091,0.02,0.0205165115457707,0.00023090729949393795,0.02014245426590101,0.020905358398437032
13.79876796714579,0.02,0.020753606732452745,0.0002135961010494021,0.02031037778191734,0.02111247155530002
13.875427789185489,0.02,0.020980839352530225,0.0002167009565687409,0.020521492169233574,0.02133135648515291
13.952087611225188,0.02,0.021227223257370628,0.00023295075489505594,0.020747427526418578,0.021560847398552276
14.028747433264886,0.02,0.021482036852026036,0.00023649058710904308,0.02104469179739614,0.021907650213898875
14.105407255304586,0.02,0.02175023001630737,0.00025621062368706243,0.021368250433986814,0.022200497960100086
14.182067077344286,0.02,0.02199557367738564,0.0002835608825016077,0.02149109479477767,0.02245109961710546
14.258726899383984,0.02,0.022315816854974694,0.00031759842753145625,0.021767622343773337,0.02277876595155654
14.335386721423683,0.02,0.022598326603942467,0.00032190963574732105,0.022163714735233105,0.023120819253861735
14.412046543463381,0.02,0.022934818045395523,0.00034214581807172855,0.022321695129601075,0.023571895496551348
14.48870636550308,0.02,0.023204571651622007,0.00032350939196640826,0.022697662522573037,0.023828511426973568
14.565366187542779,0.02,0.023486345345837534,0.00032944499018807593,0.022864645507672143,0.024133154018595004
14.642026009582478,0.02,0.023814160930709618,0.0003423941258782305,0.023269966710500467,0.024395723418051535
14.718685831622176,0.02,0.024131749450228498,0.000315066655586828,0.02351471811124283,0.0246890611185107
14.795345653661876,0.02,0.024442389132956092,0.00030579017647578934,0.023825588447456122,0.024957332539369378
14.872005475701574,0.02,0.02470521739206273,0.0003203657408602134,0.023929975404407985,0.02522309182733671
14.948665297741274,0.02666666666666667,0.025060270383829533,0.0002891043848618181,0.024478698185499335,0.02564374630209863
15.025325119780971,0.02666666666666667,0.025367190992936453,0.0002955218403670125,0.02478001345807234,0.0259532471940103
15.101984941820671,0.02666666666666667,0.02569521032165758,0.0002878245889710315,0.025109776282747447,0.026198266805896025
15.178644763860369,0.02666666666666667,0.026022040905753926,0.0002700035388393546,0.025463206231547793,0.026527079354140354
15.255304585900069,0.02666666666666667,0.026344050814478902,0.0002685052053517874,0.025799557087745145,0.02687596189927026
15.331964407939767,0.02666666666666667,0.026666997177939814,0.0002549830677898005,0.02615740721080504,0.02707939801166285
15.408624229979466,0.02666666666666667,0.02701877864474963,0.0002585526728628158,0.026515163444389277,0.027505582457714048
15.485284052019164,0.02666666666666667,0.027377941117015907,0.00022206259618889066,0.027032131522121795,0.02777455567725377
15.561943874058864,0.02666666666666667,0.027721713281983477,0.00022529691447852184,0.027311343161733153,0.02819810591699942
15.638603696098563,0.02666666666666667,0.028128620174867627,0.00027774751118482267,0.027617806127417717,0.028619489136280873
15.715263518138261,0.02666666666666667,0.028570601998118214,0.00031574491146192874,0.02802833348624966,0.029247546752231002
15.791923340177961,0.02666666666666667,0.029022515245883156,0.00034242404230384193,0.028494840412405922,0.029760856871360295
15.868583162217659,0.02666666666666667,0.029487593924007568,0.0003789940250387915,0.028856676394028564,0.030219999637208884
15.945242984257359,0.02666666666666667,0.029991981245494462,0.00037461393912981486,0.0293725122357151,0.030689002648377043
16.021902806297057,0.02666666666666667,0.030532515568410093,0.00041622024333084985,0.029877987589989764,0.031186396803049046
16.098562628336754,0.02666666666666667,0.031069249769241455,0.0004410306864660845,0.030306494393516566,0.031842423491640306
16.175222450376456,0.02666666666666667,0.031633101186534264,0.00044266366059371736,0.030862974071431067,0.0325129317790173
16.251882272416154,0.02666666666666667,0.032268774816725555,0.00046071857576477287,0.03155268127557966,0.03306893422821214
16.32854209445585,0.02666666666666667,0.032965432706763435,0.0004725954169582576,0.032174970367049804,0.03381768824313125
16.40520191649555,0.02666666666666667,0.0336400431275036,0.0004934767520240203,0.03278644893605143,0.03445624420301533
16.48186173853525,0.02666666666666667,0.03436632171620296,0.0005164140207388873,0.033497495020778374,0.0352218573062916
16.55852156057495,0.02666666666666667,0.03511878575426501,0.0004444069584145682,0.03443542332384896,0.035886781942736604
16.635181382614647,0.03333333333333333,0.035837733882381234,0.00046259278336583683,0.03506915679101106,0.036571208945275394
16.711841204654345,0.03333333333333333,0.03663919767164183,0.0005027610853461973,0.03569346077050036,0.03740499795490502
16.788501026694046,0.04,0.0374715693052144,0.00044443311549625155,0.03667300291255078,0.03823731154551223
16.865160848733744,0.04,0.038294644493155935,0.0004900574334729829,0.03749185307959694,0.03908044871824913
16.941820670773442,0.04,0.03910199274203353,0.0004944696002253501,0.038200016613106735,0.03982911598903479
17.018480492813143,0.04,0.04000410407574566,0.0005476451587658117,0.0389169566948442,0.04084624690419734
17.09514031485284,0.04,0.04086872241207845,0.0005612309685327345,0.039776432280782016,0.0416784659529846
17.17180013689254,0.04,0.04167168484757393,0.0006059172414158488,0.04046115677571468,0.04262388822922717
17.248459958932237,0.04,0.04250002071865598,0.0006540627971996479,0.04139331278732813,0.04361309339043684
17.32511978097194,0.04666666666666667,0.04331638363481835,0.0006361147529048398,0.04192208037903932,0.04427831235895731
17.401779603011637,0.04666666666666667,0.0441613863916834,0.0006476866902062496,0.04286589654874939,0.04513943596689471
17.478439425051334,0.04666666666666667,0.04510229543173674,0.0006208054027394684,0.04386395706206924,0.04610066155093298
17.555099247091032,0.04666666666666667,0.0459326112332475,0.0006421528812048012,0.044782722092458864,0.04694630529930015
17.631759069130734,0.04666666666666667,0.04674185173901391,0.0005847861765542637,0.04575316305891535,0.04772478133758098
17.70841889117043,0.04666666666666667,0.04753271132588417,0.0005869567089743621,0.04653057344483907,0.04852037616185644
17.78507871321013,0.04666666666666667,0.04834358750237744,0.0005164625407998802,0.04739695834260195,0.04920009255445336
17.861738535249827,0.04666666666666667,0.04911834363643217,0.0004993845275537823,0.04827135456932479,0.049998601991580245
17.93839835728953,0.04666666666666667,0.04988920629108872,0.000538743166088044,0.04898721652892254,0.05071092434474807
18.015058179329227,0.04666666666666667,0.05061407558634849,0.0005466921572910247,0.04970612540827156,0.051549587829804025
18.091718001368925,0.05333333333333334,0.051303955369564884,0.0005538148415540164,0.05034655787352142,0.05219876743897704
18.168377823408623,0.05333333333333334,0.05206812152742552,0.0005344213255372242,0.05094601362109019,0.05302324589392182
18.245037645448324,0.05333333333333334,0.05279797295507544,0.0005067101485156089,0.051807888277411236,0.05377911865920203
18.321697467488022,0.05333333333333334,0.0534779318148359,0.0005193765493956797,0.0525156518262011,0.05441660620952114
18.39835728952772,0.05333333333333334,0.05405826482222811,0.0005341484663268636,0.05293918127151959,0.05486613335035398
18.47501711156742,0.06,0.05470334189276114,0.0005462280480648692,0.05363142169514642,0.055483949142724025
18.55167693360712,0.06,0.05527548286011497,0.0005570354908621064,0.05431294640132689,0.05619084079251279
18.628336755646817,0.06,0.05585021966076528,0.0004938777386789972,0.05490829843535427,0.05671544708093289
18.704996577686515,0.06,0.056422757039938896,0.0005160659992544177,0.05533017232518554,0.05725719771212431
18.781656399726216,0.06,0.0569110532793366,0.0005225056702427258,0.05593202386079338,0.05765092376258815
18.858316221765914,0.06,0.057414170791261834,0.0004723168303243811,0.056515535546340014,0.0581265549413196
18.934976043805612,0.06,0.05784154791804026,0.0004411102062082024,0.05696968282120468,0.05844175908109647
19.01163586584531,0.06,0.05826140849368743,0.0003997987382255132,0.05751427668153832,0.05885694121403451
19.08829568788501,0.06,0.05868700373982044,0.00037093212710299353,0.0580598630519838,0.05924046043814488
19.16495550992471,0.06,0.05906699769631439,0.00035647195373891247,0.058384510966201376,0.05954098288320883
19.241615331964407,0.06,0.0593771058258334,0.0003579000971379606,0.05853162608398933,0.05986321402569517
19.318275154004105,0.06,0.05977051550514771,0.0003498025616258943,0.05884043375765412,0.06031434607759387
19.394934976043807,0.06,0.06009872429368554,0.0003519380952176306,0.05923161153745778,0.06060261867967586
19.471594798083505,0.06,0.06045415586825979,0.0003497545205411251,0.0595764033083109,0.060997111044643254
19.548254620123203,0.06,0.06081282605553888,0.00034238296845400293,0.06013568981821089,0.06145317120138798
19.6249144421629,0.06,0.06115219240074988,0.0003525827345609119,0.06049717991257235,0.06183371676778375
19.701574264202602,0.06666666666666667,0.06148240176815179,0.00036046689933130023,0.06088251298560341,0.0622048004763577
19.7782340862423,0.06666666666666667,0.0618508509880562,0.00035696462205485146,0.0612721837867608,0.06260031055655783
19.854893908281998,0.06666666666666667,0.06219199616119183,0.0003704224811083152,0.061655626440076404,0.06295402418151905
19.9315537303217,0.06666666666666667,0.06259409657183503,0.0003757364221107277,0.0620707522648479,0.06341472157543654
20.008213552361397,0.06666666666666667,0.06295098209295052,0.00037236969976828905,0.06246035927326792,0.06373392265847035
20.084873374401095,0.06666666666666667,0.06337969371124738,0.0003671273876183755,0.06289728437127694,0.06413597579597222
20.161533196440793,0.06666666666666667,0.06378393921497827,0.0003707377464719193,0.06308501513745189,0.06441414917382572
20.238193018480494,0.06666666666666667,0.0642281460350998,0.0003500159492289187,0.0635062576775897,0.06483608321781452
20.314852840520192,0.06666666666666667,0.06464947807825581,0.0003975822022512773,0.06384975140398705,0.06534039002948838
20.39151266255989,0.06666666666666667,0.06510820643930679,0.00040040659937408727,0.06435658014404323,0.06582227175612206
20.468172484599588,0.06666666666666667,0.06557366073615227,0.00040806112154874387,0.06489898900651869,0.06623279282448825
20.54483230663929,0.06666666666666667,0.06610389587334037,0.00047452552889372775,0.06519362799192492,0.06693743676815084
20.621492128678987,0.06666666666666667,0.06673969315108659,0.00048188882182845255,0.06578097361858769,0.06758193592881494
20.698151950718685,0.06666666666666667,0.0673842321887334,0.000561460219084075,0.06631158071792109,0.06830802172918153
20.774811772758383,0.06666666666666667,0.06795073973129603,0.000560236524469109,0.06697162784956946,0.06892196091388637
20.851471594798085,0.06666666666666667,0.06861310346801677,0.0005095475802105758,0.06777620275521298,0.06954388134772994
20.928131416837783,0.06666666666666667,0.06925265642185942,0.0005109265764126555,0.06841535638125731,0.07026296851949025
21.00479123887748,0.06666666666666667,0.06998451505474856,0.0005082098720634774,0.06915637361016101,0.07082954870641821
21.08145106091718,0.06666666666666667,0.07066775750626858,0.0004891365722089929,0.06998722222019202,0.07159907738127297
21.15811088295688,0.07333333333333333,0.07139033990198364,0.000504315029704487,0.07057871874816282,0.07237313649868131
21.234770704996578,0.07333333333333333,0.07212596965949732,0.0005111858584568135,0.07117227524505383,0.07300465817744253
21.311430527036276,0.07333333333333333,0.07285113223758546,0.0005113519553954037,0.0720995435937104,0.07369870366007036
21.388090349075977,0.07333333333333333,0.07355825368519564,0.00042758637594267595,0.07288145320508593,0.07438301584867289
21.464750171115675,0.07333333333333333,0.07428993713669597,0.000517828670806261,0.07330438371879543,0.07515840174331818
21.541409993155373,0.07333333333333333,0.07496726545759995,0.00045198016048265477,0.0740461287156985,0.07570976246418638
21.61806981519507,0.07333333333333333,0.07557703784034914,0.0004667006531815535,0.07457300606810131,0.07642832198144485
21.694729637234772,0.07333333333333333,0.07615608249547035,0.0004760548335150809,0.07494282871753108,0.07688394781497375
21.77138945927447,0.07333333333333333,0.07676572164857179,0.00045824460409962494,0.07583183180004616,0.07740772833812805
21.848049281314168,0.07333333333333333,0.07731177697376027,0.00047605767561029606,0.07624197008461431,0.07800294225180719
21.924709103353866,0.08,0.0778405275937379,0.00043781054851881697,0.07703906625262194,0.07848419970627232
22.001368925393567,0.08,0.07832216340587414,0.0003567077413770115,0.07764681172120891,0.07893287199550804
22.078028747433265,0.08,0.07877147951001691,0.0003698007748174346,0.07810114205518988,0.07937821912724248
22.154688569472963,0.08,0.07924852925389543,0.00034296254902448125,0.07853825162105083,0.07972580556540697
22.23134839151266,0.08,0.07963705628681508,0.0003539803518957674,0.0789980270617598,0.08010207888011646
22.308008213552363,0.08,0.0800653067048749,0.00033092735141885106,0.07942394506599074,0.08061310368088138
22.38466803559206,0.08,0.08045319800986629,0.00030717179170643675,0.07987184618021871,0.08102465277294144
22.46132785763176,0.08,0.08086845427558303,0.0003090269462746682,0.08016595416623008,0.08143027915694605
22.537987679671456,0.08,0.08126640222002722,0.0003334991441553304,0.08053920938221071,0.08182197833043553
22.614647501711158,0.08,0.08168510987307577,0.00034696350205426355,0.08100491130579142,0.0822917035876427
22.691307323750856,0.08,0.08210072447366873,0.0003433864754899287,0.08143369116709011,0.08271730960476521
22.767967145790553,0.08,0.08252675648719482,0.0003203152814698244,0.0820202316832108,0.08312268682316651
22.844626967830255,0.08,0.08297422251417,0.0003417375561571223,0.08239260519570926,0.08354931126676332
22.921286789869953,0.08,0.08342784734351612,0.00035648094064971887,0.0827255754216951,0.08396229492909807
22.99794661190965,0.08,0.08389920471134134,0.00041321369745751866,0.08306156280338654,0.08447696886764942
23.07460643394935,0.08,0.0844694719906862,0.0004258261407844093,0.08372790462118417,0.08514839389359455
23.15126625598905,0.08,0.08500745298805859,0.0004533596694566572,0.08414550181384738,0.08572552218761377
23.227926078028748,0.08,0.08559334415767847,0.0004381705960965387,0.08480506618849634,0.08634576280090599
23.304585900068446,0.08,0.08618081461414366,0.00047708721682938583,0.08522576082149241,0.08700088122550428
23.381245722108144,0.08,0.0868067176631929,0.0004369586392151946,0.08586687478475338,0.0874585934015183
23.457905544147845,0.08,0.08742283726051574,0.00042956479623398056,0.0865707290979472,0.08813948198677818
23.534565366187543,0.08,0.08806610107072216,0.0004906688754225341,0.0870888721912626,0.08884699518985593
23.61122518822724,0.08,0.08873098618965444,0.00041365151164017566,0.08806182023691217,0.08948427970747837
23.68788501026694,0.08,0.08939512862578766,0.00042848297376759195,0.08863562446753438,0.09016675631805178
23.76454483230664,0.08,0.09012139265475193,0.00048055360158312293,0.08930906767753237,0.09100437472675756
23.84120465434634,0.08,0.0907827685175629,0.0004633695599636323,0.08991336000539082,0.0916059942061232
23.917864476386036,0.08666666666666667,0.09150709067097967,0.000447054623662613,0.09081037706940742,0.0922410503687218
23.994524298425734,0.08666666666666667,0.09222142874391427,0.000441125823572655,0.09142090278377651,0.09320682871801282
24.071184120465436,0.08666666666666667,0.0929376931017158,0.00039805388142101245,0.09224656419830897,0.09371165162016416
24.147843942505133,0.08666666666666667,0.09363972738141955,0.0004436570915137015,0.0928113856388444,0.09434957939530482
24.22450376454483,0.08666666666666667,0.09430882025743763,0.00041428701225442165,0.09344082053363711,0.09493445697037517
24.301163586584533,0.08666666666666667,0.0950121160004619,0.00041914475924395377,0.09416944606696653,0.09580589967428221
24.37782340862423,0.09333333333333334,0.09569731818378717,0.0004406905040034559,0.0947636038978288,0.09639285874150877
24.45448323066393,0.09333333333333334,0.09636935890864486,0.0004605344577148606,0.0954858688445167,0.09717047227541054
24.531143052703626,0.09333333333333334,0.09706430874055952,0.00045046751754867196,0.09640072242290988,0.09777153807055579
24.607802874743328,0.09333333333333334,0.09776452800418883,0.00046116904678481646,0.09713400254983479,0.0984767327129726
24.684462696783026,0.09333333333333334,0.09841468594258919,0.00045495257341605824,0.09757372107801739,0.09918462713492754
24.761122518822724,0.09333333333333334,0.0990789049097604,0.000376225628749214,0.09833598451622519,0.09986989611566441
24.83778234086242,0.09333333333333334,0.09979293039900221,0.00037190247004636817,0.09900511126161925,0.10049231472254336
24.914442162902123,0.09333333333333334,0.10052853521828611,0.0003727534968866972,0.09984529337733905,0.10113542365229825
24.99110198494182,0.1,0.10122845335079983,0.00035712728651697963,0.10053534335465177,0.10182320877004421
25.06776180698152,0.1,0.10196137962267086,0.0003438194497047718,0.10123510528615788,0.10261394027208141
25.144421629021217,0.1,0.10271663843771343,0.00043251288064990393,0.10187078883560967,0.10357818582311536
25.22108145106092,0.1,0.10347894986288762,0.0004133840408744681,0.10273640933027735,0.10432221963160344
25.297741273100616,0.1,0.10428362372078627,0.00042409936127886755,0.10346965775690088,0.10492160910730151
25.374401095140314,0.1,0.10503241512297479,0.0004652955756643845,0.10413658948623256,0.10575496015785164
25.451060917180012,0.1,0.10586665479913955,0.0005660265372430316,0.10486734720068175,0.10684280103922839
25.527720739219713,0.1,0.10665691700232685,0.0005635939625717549,0.10561266585995785,0.1076644754901669
25.60438056125941,0.10666666666666667,0.10755851511738163,0.0005682583760148214,0.10656773453537462,0.1085009955035433
25.68104038329911,0.10666666666666667,0.10848200240892464,0.0006066217250328298,0.10738500404660399,0.10945731512055891
25.75770020533881,0.10666666666666667,0.10935087675761551,0.000580852785532644,0.10827289516463465,0.11040147449764802
25.83436002737851,0.10666666666666667,0.11027869174078138,0.0005853603962895636,0.10932130956064776,0.11126035823509203
25.911019849418206,0.10666666666666667,0.11127811567039045,0.0005654114168737912,0.11032628316021194,0.11230295189479826
25.987679671457904,0.10666666666666667,0.11231689476370418,0.000579255470048623,0.11111087378628118,0.11324654648726862
26.064339493497606,0.10666666666666667,0.1134093789264194,0.0006177610484660314,0.11232344612041181,0.11455128538016224
26.140999315537304,0.10666666666666667,0.1144662327461648,0.0005898499186911862,0.11353326555474291,0.11547561664128049
26.217659137577,0.10666666666666667,0.11561318977415537,0.0006511241394278476,0.11445419875961295,0.11661071192760313
26.2943189596167,0.10666666666666667,0.11678001220507803,0.0006242429436209289,0.11572697348410553,0.11778880755768341
26.3709787816564,0.10666666666666667,0.11799825535258454,0.0006574257539031824,0.11689907839899136,0.11904452351582102
26.4476386036961,0.10666666666666667,0.11919138971928862,0.0006794593956109654,0.11799707491735681,0.12033101240756108
26.524298425735797,0.10666666666666667,0.12036918327310897,0.0006975741212424729,0.11903646205591714,0.12147614296664629
26.600958247775495,0.10666666666666667,0.12169812385368883,0.0007309456821898827,0.12033049829056885,0.12274964169208608
26.677618069815196,0.10666666666666667,0.12299419373690912,0.0007464675037125802,0.12167635211306285,0.12432209080855576
26.754277891854894,0.10666666666666667,0.12440863951076611,0.0008186347586549054,0.12299802913126079,0.12574093042938225
26.830937713894592,0.11333333333333333,0.12582939833898854,0.0008406182409822192,0.1243747274321065,0.12728091022086538
26.90759753593429,0.11333333333333333,0.12725161123844475,0.0009337940355228885,0.12557573894252957,0.12890010354705422
26.98425735797399,0.11333333333333333,0.12862843274555139,0.0009180089672242828,0.1269072671638045,0.13024857237684587
27.06091718001369,0.11333333333333333,0.1300697200539787,0.0008682351166689581,0.12857501861723258,0.13167482765969796
27.137577002053387,0.12666666666666668,0.1314122902825819,0.0008302004848251948,0.13025134709129832,0.1329775163526929
27.21423682409309,0.12666666666666668,0.1327767449426558,0.0007689750875217012,0.13169867127498375,0.13436301425067024
27.290896646132786,0.12666666666666668,0.13411887690511928,0.0006901252197284627,0.1329604388572245,0.13551633499458898
27.367556468172484,0.12666666666666668,0.13544314100279756,0.0006915525955346729,0.13424127244796363,0.1366461863065342
27.444216290212182,0.13333333333333333,0.1367705306651002,0.0007209362200907951,0.1353241105080949,0.13813853910643806
27.520876112251884,0.13333333333333333,0.138155197911876,0.0006824903903962797,0.1368804396358018,0.13922076574550787
27.59753593429158,0.13333333333333333,0.139410854017204,0.0006476771724638586,0.13814772418953816,0.14052916467037832
27.67419575633128,0.14,0.14061935074889312,0.0005968881162043275,0.13964257702885535,0.14164834127768033
27.750855578370977,0.14,0.14168382016130876,0.0006119434540586593,0.14080005520728672,0.14251692445115804
27.82751540041068,0.14,0.14280048641155238,0.0005911775048102847,0.14181309304970408,0.1439099227386829
27.904175222450377,0.14,0.14380425466794414,0.0006134012965239163,0.14275901979398598,0.14499583347415912
27.980835044490075,0.14,0.14480385939922963,0.0005899451908702719,0.14383148670425275,0.14604654952179194
28.057494866529773,0.14666666666666667,0.14576394267812634,0.0005248360042993485,0.14487707733901808,0.14670290715377735
28.134154688569474,0.14666666666666667,0.14676542958818126,0.00047294209774146847,0.1459588603276108,0.14765361420656076
28.210814510609172,0.14666666666666667,0.1477225811145071,0.0004950071951222123,0.1469205019752433,0.14858319307013002
28.28747433264887,0.15333333333333332,0.14861585066106525,0.0004765667280483814,0.14772183527589497,0.1493388696694761
28.36413415468857,0.15333333333333332,0.14950587625326936,0.0004600644500695017,0.1486452367225653,0.1500697570576793
28.44079397672827,0.15333333333333332,0.15031149295959467,0.0004115632490671198,0.149399360301131,0.15095375627053406
28.517453798767967,0.15333333333333332,0.15109966819126452,0.00046339780881074743,0.15027798689170319,0.15182320333869823
28.594113620807665,0.15333333333333332,0.15189655210027797,0.0005208820312382678,0.15083541066589506,0.15285782563829772
28.670773442847366,0.15333333333333332,0.15264682650603142,0.00048542252745067786,0.15144612999113788,0.15336988136700427
28.747433264887064,0.15333333333333332,0.15346947624399948,0.0005315213924988596,0.1523415787845034,0.1542542478241189
28.824093086926762,0.15333333333333332,0.15426865963897454,0.0005274086826619717,0.15316606480937445,0.15525207056547086
28.90075290896646,0.15333333333333332,0.15504361221730575,0.0004854317746405954,0.15402121754403622,0.15572598958083764
28.97741273100616,0.15333333333333332,0.15582486103664722,0.0005277968757639364,0.1548697171800126,0.1566868295091888
29.05407255304586,0.16,0.15660488144876944,0.0004938144249634427,0.1557236397876578,0.15745431544263808
29.130732375085557,0.16,0.1573657234998473,0.0005752299261488124,0.15624382485037377,0.15841780162353067
29.207392197125255,0.16,0.15821438647325348,0.0005559088511293965,0.15725482261233953,0.1591192288427016
29.284052019164957,0.16,0.15898814851965276,0.0005813605286919896,0.1578400712944097,0.16000176368586952
29.360711841204655,0.16,0.15984131458443107,0.00047225962550689475,0.15899819041815622,0.16065947247811546
29.437371663244353,0.16,0.16068897293882917,0.0005280361605919058,0.15991342432430602,0.16180535259237624
29.51403148528405,0.16666666666666666,0.16160720523080624,0.0005550561443835599,0.16065568081040693,0.16257399031971012
29.590691307323752,0.16666666666666666,0.16252711610567055,0.0006000748580859619,0.16134357988848066,0.16341468237518694
29.66735112936345,0.16666666666666666,0.16339825775683367,0.000589374138408258,0.1623892334875199,0.16461789472306373
29.744010951403148,0.17333333333333334,0.16420766549252153,0.0005586781089056928,0.16312704665667596,0.16515166260388556
29.82067077344285,0.17333333333333334,0.16508318865071595,0.0006137975907725156,0.16369582302606525,0.16595892528105063
29.897330595482547,0.17333333333333334,0.16596859802779693,0.0006236834276298898,0.16467214599152488,0.16697457029744348
29.973990417522245,0.17333333333333334,0.166813761477966,0.0006003368169119584,0.16566888700397456,0.1676663510036876
30.050650239561943,0.17333333333333334,0.16767240706018477,0.0006144254310408849,0.1666468390551003,0.16872815079782652
30.127310061601644,0.17333333333333334,0.16855728771955217,0.0005513823082405068,0.16766228666579017,0.1693540088498557
30.203969883641342,0.17333333333333334,0.16938188117597064,0.0005880365533569484,0.1682597260026098,0.17037916997812153
30.28062970568104,0.17333333333333334,0.1702420172053493,0.0005648219949029843,0.16932917259243963,0.17114400451388243
30.357289527720738,0.17333333333333334,0.17109686402756275,0.0005525813301437572,0.1699985634593485,0.1718643783750335
30.43394934976044,0.17333333333333334,0.17186818045048224,0.0005778065809730968,0.1707268108251153,0.17286481999468137
30.510609171800137,0.17333333333333334,0.17260286686424597,0.0005818122359214134,0.17159529150126052,0.17354546873911245
30.587268993839835,0.17333333333333334,0.1733672339147604,0.0006078334016735437,0.1724390541641355,0.17465661634423116
30.663928815879533,0.17333333333333334,0.1741179636044841,0.0006119389764447084,0.17302391648631557,0.17514941306837886
30.740588637919235,0.17333333333333334,0.174905624739097,0.0006547449915647606,0.17364770258241566,0.17612692515194614
30.817248459958932,0.18,0.17555118397925068,0.0006616892945945318,0.17433327174525612,0.17660161442662228
30.89390828199863,0.18,0.17631518334384194,0.0005777417379112216,0.17538051842832794,0.17716589448449635
30.97056810403833,0.18,0.17705426491799683,0.0005651321663211592,0.17590751140122918,0.17802467743338507
31.04722792607803,0.18,0.17771496639299808,0.0005446567664272104,0.17655581441488216,0.17858417079079322
31.123887748117728,0.18,0.17837889715835145,0.0005190389127109036,0.17724181579517803,0.17924229326122817
31.200547570157426,0.18,0.17902163015189312,0.0004523607046694607,0.1781099657856521,0.17975609468112883
31.277207392197127,0.18,0.1796446678038576,0.0004051478328866432,0.17887204715084895,0.18037231365726178
31.353867214236825,0.18,0.18024466814601794,0.000414025265494574,0.17953042121828694,0.1811203394317199
31.430527036276523,0.18,0.18081360664051577,0.00045423250349998156,0.17992179173142028,0.1816929018105529
31.50718685831622,0.18,0.18146349079582444,0.0004205017902590796,0.18049154351411711,0.18206992229779173
31.583846680355922,0.18,0.18202577647778106,0.0004308624820516858,0.1810474233721266,0.18275162518701227
31.66050650239562,0.18,0.18258056273667325,0.0004137877949376348,0.18164173336136125,0.18318041022686235
31.737166324435318,0.18,0.18313645962878475,0.0003981769602293357,0.18249117434287454,0.18369441331325417
31.813826146475016,0.18,0.1837024112455909,0.0003471224668786782,0.182930089727672,0.18419311107724362
31.890485968514717,0.18,0.18418778168935032,0.0003650154590028962,0.18343773334561828,0.18468426324136092
31.967145790554415,0.18,0.1846510633536445,0.00033976251012470476,0.1840012296257109,0.18517836552932335
32.04380561259411,0.18,0.18514184301133138,0.0003355305054618643,0.18445534491901067,0.1857586929876059
32.120465434633815,0.18,0.1855558199301931,0.0003439933148191959,0.1848856851152842,0.18619380511262199
32.19712525667351,0.18,0.1859894171292818,0.0003331865254007539,0.18541310997854218,0.1864793954439501
32.27378507871321,0.18,0.18637825920664966,0.0003349846428769243,0.18587540983721262,0.18690934846883364
32.35044490075291,0.18,0.18678714969680005,0.0003569935152404763,0.1861801780553993,0.187321905163258
32.427104722792606,0.18666666666666668,0.18720807147225013,0.0003553966936766037,0.18645279763810382,0.1876798506727249
32.50376454483231,0.18666666666666668,0.18755693970623347,0.0003557800369270864,0.18670726916059882,0.18806875637495854
32.580424366872,0.18666666666666668,0.1879039465239954,0.00034830236350512453,0.18710416475781672,0.18852484054428187
32.6570841889117,0.18666666666666668,0.18827451241908122,0.00031734329223231873,0.18750734644736855,0.18877859651126036
32.733744010951405,0.18666666666666668,0.18864822300064238,0.0003276746749959982,0.1878358838464684,0.18911406102417683
32.8104038329911,0.18666666666666668,0.18897519862695,0.00032843908570603117,0.18811802412787523,0.18937935830075936
32.8870636550308,0.19333333333333333,0.18930769858741425,0.00032527359370118175,0.18859351980377465,0.18984804750598436
32.9637234770705,0.19333333333333333,0.18961041996529912,0.0003193540217860134,0.18888854383347808,0.19019951462112805
33.040383299110196,0.19333333333333333,0.18989779298381698,0.00033693669249558483,0.18925641712641703,0.19053132797328293
33.1170431211499,0.19333333333333333,0.19020429702161995,0.00034978633044702287,0.18943725331357056,0.1907262116954768
33.1937029431896,0.19333333333333333,0.19052114681125448,0.00030251600062867454,0.18990188746235334,0.1910311906225345
33.270362765229294,0.19333333333333333,0.19077597054723405,0.00031961697025167707,0.19017692189529575,0.19129853715908868
33.347022587268995,0.19333333333333333,0.19105682295187276,0.0002972391763218586,0.19046980026276217,0.1916427147450067
33.42368240930869,0.19333333333333333,0.1913252869456645,0.00027194120973841543,0.19082489216599327,0.19180083518892302
33.50034223134839,0.19333333333333333,0.19158896971374062,0.00029130206259276047,0.19110972929318626,0.1920286232803454
33.57700205338809,0.19333333333333333,0.19186504829125528,0.00026398129329732804,0.19147916600680276,0.19229930819574184
33.65366187542779,0.19333333333333333,0.19212576330695977,0.00026453800712174534,0.19152008668056597,0.19251167818736886
33.73032169746749,0.19333333333333333,0.19236486246680204,0.0002773284494063511,0.1918054543271202,0.19281038911094892
33.80698151950719,0.19333333333333333,0.19263904437197021,0.0002528968855172805,0.19216230231686673,0.1930560641108935
33.883641341546884,0.19333333333333333,0.19289188574077967,0.0002605369239605076,0.19239332000002124,0.19330501130383074
33.960301163586585,0.19333333333333333,0.19317766131399824,0.00026868916926466507,0.19255824147441924,0.1936551816781481
34.03696098562629,0.19333333333333333,0.193520624015327,0.00026165233313957443,0.1931145429004431,0.1939594599463727
34.11362080766598,0.19333333333333333,0.19381096873184678,0.0002683042147703437,0.19342304214770092,0.19431983369322403
34.19028062970568,0.19333333333333333,0.19416680766506697,0.0002809248772543934,0.19371931376207407,0.19478034165738478
34.26694045174538,0.19333333333333333,0.19451288403059963,0.000278486029939054,0.19406005250231498,0.19501117723528152
34.34360027378508,0.19333333333333333,0.1948989908057294,0.00031571022262629145,0.19443854177824663,0.19544324845792602
34.42026009582478,0.19333333333333333,0.19532820955352848,0.0002951781792714988,0.1948662767481758,0.195869981212811
34.496919917864474,0.19333333333333333,0.19580505012453575,0.00031413543417707575,0.1951773583582881,0.1964692514235729
34.573579739904176,0.19333333333333333,0.1962947212343095,0.00033194242443803957,0.19567434627695632,0.19701563935442454
34.65023956194388,0.19333333333333333,0.19681813192765193,0.0003773900222560856,0.1962015119137566,0.19772976235121112
34.72689938398357,0.19333333333333333,0.19747640352106824,0.00040739740681712826,0.1969109384524558,0.19842725007099235
34.80355920602327,0.19333333333333333,0.19813741472889157,0.0004423325493276278,0.1975985463769701,0.1993868192343456
34.88021902806297,0.19333333333333333,0.1988391963583657,0.0004257074031121246,0.19806296658429598,0.1995406101189151
34.95687885010267,0.19333333333333333,0.1996123715288549,0.00042218480754230444,0.1989321068196425,0.20032759388269425
35.03353867214237,0.19333333333333333,0.200412903283831,0.0004941610769392152,0.19953551082069354,0.201385190838041
35.110198494182065,0.19333333333333333,0.20135010417895594,0.0005161191530529026,0.2005134575705833,0.2024729574897766
35.186858316221766,0.19333333333333333,0.202254961418581,0.0005750587132654118,0.20131160172457027,0.20351231579991916
35.26351813826147,0.19333333333333333,0.20325949340598604,0.0006414465347157325,0.20216914798076943,0.2047454787868713
35.34017796030116,0.19333333333333333,0.20423111619803688,0.0006301793646131159,0.20302477533386742,0.2055348555659414
35.41683778234086,0.19333333333333333,0.20522411566835605,0.0006621159728553181,0.2039168042532699,0.20634188130297665
35.493497604380565,0.19333333333333333,0.20622800041090752,0.0006920299042820466,0.20504983172103874,0.20755025721593745
35.57015742642026,0.19333333333333333,0.2071957341591586,0.0006178394689336999,0.20597644461446168,0.20836219011967
35.64681724845996,0.19333333333333333,0.20816689775569813,0.0006058856872997624,0.20718359186896193,0.20937539451265896
35.723477070499655,0.19333333333333333,0.20931196997980062,0.0006435392387482489,0.20827966446267523,0.2103929323228869
35.800136892539356,0.19333333333333333,0.21059740010658395,0.0005961166173395438,0.20972781283188874,0.21173791228756655
35.87679671457906,0.19333333333333333,0.21197705320189153,0.0006487277654723179,0.21093399431730825,0.2133759031483714
35.95345653661875,0.19333333333333333,0.2135004576277198,0.0007020730353490968,0.21220112463036014,0.21494012558334624
36.030116358658454,0.19333333333333333,0.21494802402164975,0.000698450048884994,0.21384915688750947,0.21627180400309673
36.106776180698155,0.19333333333333333,0.21654699610982198,0.0007687939329974313,0.21505273941635766,0.21799145919947663
36.18343600273785,0.2,0.2182353985873883,0.0008655280730348567,0.21638861592800332,0.21989248690562066
36.26009582477755,0.2,0.21989318089704823,0.0007583883892551236,0.2184422140936731,0.2215175521977587
36.336755646817245,0.2,0.22154295933042664,0.0008005863583386584,0.21998367129424945,0.22309546111900808
36.41341546885695,0.2,0.22319205529860897,0.000775964313143211,0.2219156696829708,0.22469321201864792
36.49007529089665,0.2,0.22490233190551867,0.000805467745333299,0.22327195233860178,0.22657339885389183
36.56673511293634,0.20666666666666667,0.22650273103807567,0.0008484097575957017,0.22490510457871404,0.22794706655926614
36.643394934976044,0.20666666666666667,0.22819196653282187,0.0007863605661210793,0.2266116808842474,0.22939505125777587
36.720054757015745,0.20666666666666667,0.22979019907337458,0.0008956083493786604,0.22799301693033203,0.23141735332010527
36.79671457905544,0.20666666666666667,0.23132167173168564,0.0008870269534631878,0.22940034125186373,0.23263416642622434
36.87337440109514,0.21333333333333335,0.23292334062721856,0.0008828638298028206,0.2310184012107006,0.23420431709336037
36.95003422313484,0.21333333333333335,0.23438351939214586,0.0009112059187735373,0.23277289116018104,0.23574308469228863
37.02669404517454,0.22,0.2357553422682856,0.0008775196919755898,0.2340424239158926,0.2370204062715553
37.10335386721424,0.22,0.23709617913410524,0.0009201988465139153,0.23544468270400928,0.238487143886114
37.18001368925393,0.22,0.23845072801982403,0.0008248756081420405,0.2369237373236418,0.2397718689452099
37.256673511293634,0.22,0.23968314680179423,0.0008262756583244564,0.23808760007659122,0.2408795219724653
37.333333333333336,0.22,0.24090120861490116,0.0008311692059432652,0.23947538598293036,0.24218800244610858
37.40999315537303,0.22,0.24208199632394345,0.0007612662519621977,0.2408851129232582,0.24330547524492083
37.48665297741273,0.22,0.24321425075804418,0.0008193023475831609,0.24159243885167006,0.24449600305227517
37.56331279945243,0.23333333333333334,0.2442595633098395,0.0007527631682584211,0.24278905794038255,0.2453905008563496
37.63997262149213,0.23333333333333334,0.24521090239128893,0.000664356370043311,0.2437371171249053,0.24599956692562788
37.71663244353183,0.24666666666666667,0.24615789401168897,0.0006365929425986605,0.24471717354336603,0.24716307782652128
37.79329226557152,0.24666666666666667,0.24712832900979462,0.0005793087358379826,0.2460750628681141,0.24824552866477784
37.869952087611225,0.24666666666666667,0.247980476011322,0.0005830758744265633,0.24673678648208286,0.24922359131622535
37.946611909650926,0.25333333333333335,0.24882023847102414,0.0005284453614724537,0.24781587358049212,0.2496160711790866
38.02327173169062,0.25333333333333335,0.24959803410730777,0.0005250757662477103,0.24855277805673215,0.25051204279808303
38.09993155373032,0.25333333333333335,0.2504319567456645,0.0005295842336871479,0.24950777508181476,0.251273417943242
38.17659137577002,0.25333333333333335,0.25115849588541167,0.0005660557830670202,0.2501641160432689,0.2521209925546899
38.25325119780972,0.25333333333333335,0.2518737502007619,0.0005859223892378118,0.25076511871131985,0.252928346377479
38.32991101984942,0.25333333333333335,0.25265154556647373,0.0005907236622324851,0.2514265861986717,0.25359674476135335
38.40657084188912,0.25333333333333335,0.25333788660026113,0.0005564007065500131,0.2522248186942729,0.2543348251754185
38.483230663928815,0.25333333333333335,0.25401809083515164,0.0005677278503105773,0.2528549253146233,0.25532628174626715
38.559890485968516,0.25333333333333335,0.25471771535939286,0.0005331691123392685,0.2536216889942987,0.2557987541185691
38.63655030800821,0.25333333333333335,0.2554829813288178,0.0005660066699847651,0.2544777192279753,0.25650274640539894
38.71321013004791,0.25333333333333335,0.25623018376251017,0.0005043696860847392,0.25532084945014083,0.25697161915838734
38.789869952087614,0.25333333333333335,0.25701753689233775,0.0005301911486662367,0.2562185021957052,0.25797511334487055
38.86652977412731,0.25333333333333335,0.25775249587125526,0.0005788015558346028,0.2568930225830311,0.2589200387131047
38.94318959616701,0.25333333333333335,0.25849760865816174,0.0005292148406215898,0.2575827524762028,0.25947992368060147
39.01984941820671,0.25333333333333335,0.2593623375124711,0.000541703443001234,0.2583148971457016,0.2603106194894077
39.096509240246405,0.25333333333333335,0.26018725398070297,0.0005913882710977267,0.2591128464135008,0.2612367948848657
39.17316906228611,0.25333333333333335,0.2610913071001825,0.0005359095679661429,0.2601308909919616,0.2620688951735624
39.2498288843258,0.25333333333333335,0.2619549416540675,0.0006517918525730378,0.2606617857054643,0.2628517885638309
39.3264887063655,0.25333333333333335,0.2628493547145203,0.00074847838877599,0.2615699184033875,0.26415343434831984
39.403148528405204,0.25333333333333335,0.2638141860965097,0.0007005499372043756,0.2626461367873161,0.26511564338108407
39.4798083504449,0.26,0.26488380665054473,0.0007711842350871941,0.2635098167673054,0.2660715343984302
39.5564681724846,0.26,0.2659815375168758,0.0008000710877281562,0.2644837886872114,0.26751928854892176
39.6331279945243,0.26666666666666666,0.2670331262417974,0.0007017093693125359,0.26545412500129023,0.26810435570505226
39.709787816563995,0.26666666666666666,0.2681329010653856,0.0007242413230822319,0.2667488400747807,0.26924453591766057
39.7864476386037,0.26666666666666666,0.269258885162965,0.0007653385557696253,0.26797104318346754,0.27061334534690845
39.8631074606434,0.2733333333333333,0.27052915906095026,0.0007829942967163125,0.2691783809392661,0.2719750483745559
39.93976728268309,0.28,0.27175605328321845,0.0008101812487575993,0.27015099731073794,0.2732830232995297
40.016427104722794,0.28,0.27310909607168016,0.0009011857642010266,0.27136599961766944,0.27497992871141197
40.09308692676249,0.28,0.274393490630812,0.0007528990560609919,0.27261269224388385,0.27615108538219607
40.16974674880219,0.28,0.2758591144356464,0.0008391354443530145,0.27408145158176467,0.2773057820017939
40.24640657084189,0.28,0.27719089109663814,0.0009177507534925974,0.27515039790739815,0.27855276645072785
40.323066392881586,0.28,0.27865537168814397,0.0008866661803587989,0.2769134771126695,0.2802880889086443
40.39972621492129,0.28,0.279919300303996,0.000921986481814435,0.2779924315746028,0.28168239863605843
40.47638603696099,0.28,0.2812270757688495,0.0010321661477089912,0.2788361918852236,0.2827884094812234
40.55304585900068,0.28,0.2826874430082958,0.0010097054678476125,0.2804001903589762,0.2847252461659767
40.629705681040384,0.28,0.2840225499578286,0.0009238356980426502,0.2820793457816802,0.28576145295636984
40.70636550308008,0.28,0.28550196762119934,0.000995399908273897,0.2835013473633417,0.2871332602742447
40.78302532511978,0.28,0.2869294159826144,0.0010093395737005644,0.2850419175084545,0.28891652194182216
40.85968514715948,0.2866666666666667,0.28829254208148075,0.0009793494651387552,0.28604778822835114,0.29006867768586503
40.936344969199176,0.2866666666666667,0.28962537767097646,0.0009885984330145106,0.28759615371720443,0.29084037040473587
41.01300479123888,0.3,0.2910051774876084,0.0010886209322314299,0.2891234921102997,0.292745601983809
41.08966461327858,0.3,0.2924101367767503,0.0010845541016077744,0.2904851216908542,0.2942658575240776
41.16632443531827,0.3,0.2936844624419928,0.0010755251956080215,0.2920535759675367,0.29501354859774387
41.242984257357975,0.3,0.29512874590840565,0.001002252431251161,0.29299273939859627,0.2966722661236241
41.319644079397676,0.3,0.2964263830435125,0.0010104279091458135,0.2942847124764219,0.2979833399947807
41.39630390143737,0.3,0.29765450709073427,0.0010723574907718948,0.2954565634299477,0.2994839824730321
41.47296372347707,0.3,0.29894252937555327,0.0010688329857094518,0.29690839919981205,0.30100211072616784
41.549623545516766,0.3,0.3000458036050613,0.0009307516259828593,0.29823549050617176,0.3019297345673091
41.62628336755647,0.3,0.3011314654597426,0.0009114792256892132,0.29932482625765977,0.3027068202957133
41.70294318959617,0.3,0.3021810198383367,0.000940203463082757,0.3003343144010519,0.3040132119685428
41.779603011635864,0.3,0.303177008302074,0.001017543732273206,0.3011546044576893,0.3051706228085715
41.856262833675565,0.3,0.3041111471484864,0.000901679374423776,0.30225461596343806,0.30589552880660964
41.93292265571527,0.3,0.3050721451116132,0.0008951602062979749,0.3034012825404471,0.30663948369035127
42.00958247775496,0.3,0.3059012766993073,0.0008405952903451694,0.30446149338268175,0.3073634289550888
42.08624229979466,0.3,0.3066016503139278,0.0008370376620464741,0.3053299049932295,0.3081121237565086
42.16290212183436,0.3,0.30726132306377246,0.0008497136995994112,0.30581913076027,0.30878702664178076
42.23956194387406,0.3,0.30792578224623635,0.0008151317448275449,0.3065911974534528,0.30934832963461917
42.31622176591376,0.3,0.3084699796720859,0.0007927688206048578,0.3065456600794749,0.30974149357663083
42.392881587953454,0.3,0.3091009663275149,0.0009187285170138027,0.30717301511228573,0.3108400684086305
42.469541409993155,0.30666666666666664,0.30964358836713446,0.000873385539464533,0.3077927133523733,0.31149462717773896
42.54620123203286,0.30666666666666664,0.3102563507392193,0.00091403758718882,0.3085543985283205,0.31212837211481603
42.62286105407255,0.30666666666666664,0.31081374670112627,0.0008389516486942687,0.3093323590502304,0.31276768198747423
42.69952087611225,0.30666666666666664,0.3112378893205337,0.0008861231219942469,0.3095832852553886,0.3130057966794659
42.776180698151954,0.30666666666666664,0.31169538224623433,0.0009340921520780264,0.3099404511636469,0.3134780915715946
42.85284052019165,0.30666666666666664,0.312153319750817,0.0008048043326399699,0.3105734445263136,0.3136456692752024
42.92950034223135,0.30666666666666664,0.31263271852803287,0.000749947866518126,0.3111276456875475,0.31397694870406806
43.006160164271044,0.30666666666666664,0.3130753545391309,0.0007470962580258495,0.3120211808091543,0.3145841731388546
43.082819986310746,0.30666666666666664,0.3135158527552957,0.0007592677467052462,0.31230795486252544,0.31484165936465036
43.15947980835045,0.30666666666666664,0.3139629017857361,0.000750387916277949,0.31279944421830896,0.3151462484970267
43.23613963039014,0.30666666666666664,0.31440530458145566,0.0007034638789049164,0.3133148806636525,0.31551594804593275
43.31279945242984,0.30666666666666664,0.3148112937329667,0.0006909880956888031,0.3132377907374933,0.31600341583335984
43.389459274469544,0.31333333333333335,0.31520852636339136,0.0005964277853629261,0.3140579793946689,0.3165527159416757
43.46611909650924,0.31333333333333335,0.3157415435547318,0.0006319636240417956,0.31463889429897557,0.31727767595930706
43.54277891854894,0.31333333333333335,0.31626523550390245,0.0006264681134299974,0.31513121678814515,0.31725493418191575
43.619438740588635,0.31333333333333335,0.31673770161867254,0.0005971537001133567,0.31574019062031744,0.31785285309775674
43.696098562628336,0.31333333333333335,0.317219696119345,0.0005688290775161919,0.31622430811611063,0.31819146740828075
43.77275838466804,0.31333333333333335,0.31778707027864994,0.0006205572565142594,0.3169152484863606,0.3188581620068554
43.84941820670773,0.32,0.3183453883710149,0.0005654631206522096,0.3174239235037428,0.31923475337009677
43.92607802874743,0.32,0.31882413800575915,0.0006461939825834753,0.3177377767344755,0.3202003939478321
44.002737850787135,0.32,0.3194008682479483,0.0006480173198356641,0.3182116674319271,0.320759377254788
44.07939767282683,0.32,0.31998189637902164,0.0006431522128829891,0.3189409446117923,0.3211109603067328
44.15605749486653,0.32,0.32063537574749534,0.000616860973562419,0.3196360593731102,0.3220340172665927
44.23271731690623,0.32,0.3211814989754575,0.0006513011679901528,0.3201227021384327,0.3225948407704039
44.309377138945926,0.32,0.321778446981477,0.0006201684402855444,0.3206359668875913,0.3228390292637907
44.38603696098563,0.32,0.3224466183555677,0.000601926684460044,0.3215014706544504,0.3235160710271719
44.46269678302532,0.32,0.3230504882086063,0.0006836347366744674,0.3218456542710222,0.32430010953674215
44.539356605065024,0.32,0.3236706336261104,0.0006688257012436863,0.3224562844219583,0.3249269731059146
44.616016427104725,0.32,0.3243372500229025,0.0006910024826681861,0.323240939067713,0.32577861886560133
44.69267624914442,0.32,0.3249412058353466,0.0007107550182923959,0.3237614008357855,0.3262120555459368
44.76933607118412,0.32,0.32556787877582594,0.0007224143146790655,0.32438535655430684,0.3272114965312249
44.84599589322382,0.32,0.32620746796885636,0.0007300177953917034,0.3251213012073463,0.3275072548518474
44.92265571526352,0.32,0.32685245531411466,0.0007463944823161565,0.3255523902081747,0.3284019766659264
44.99931553730322,0.32,0.32739581271089774,0.0007608743564777088,0.3260047562509677,0.32871036143475957
45.07597535934291,0.32,0.3280126525001003,0.0006747095372613099,0.32680041331141757,0.32923468649042104
45.152635181382614,0.32,0.3285985113638092,0.000708196715533363,0.3273281869141325,0.32976601685834245
45.229295003422315,0.32,0.32927191901923913,0.0006020767857409275,0.3283568930145587,0.33039663736883057
45.30595482546201,0.32,0.32985272869191656,0.0005627351761693346,0.3287799572004704,0.3308601719807007
45.38261464750171,0.32,0.33043760334784106,0.0005948726517168236,0.32958287994833163,0.33141276086613686
45.45927446954141,0.32,0.3309416594781966,0.0006452393397870181,0.3300370786837348,0.3320983418720362
45.53593429158111,0.32,0.3315189764931414,0.0006362464865500771,0.3303741024180946,0.33246632097737594
45.61259411362081,0.32,0.33209088027020656,0.0006490220537663966,0.3310689229382267,0.3331501954116262
45.68925393566051,0.32666666666666666,0.33265240210279984,0.0006395418687861696,0.3315138731326902,0.33400907038315747
45.765913757700204,0.3333333333333333,0.33317059655555065,0.0006077626946615185,0.33202199907106744,0.3342089445193713
45.842573579739906,0.3333333333333333,0.3337012724963147,0.0006151262298471229,0.33264241885128437,0.33478477331040785
45.9192334017796,0.3333333333333333,0.334268842719963,0.0005812134059553516,0.3332991160187169,0.3351623857124777
45.9958932238193,0.3333333333333333,0.33481843969559655,0.0006199315565265464,0.3339277271535257,0.33603289585222673
46.072553045859,0.3333333333333333,0.335428142735855,0.0005753438485866727,0.3346522378595788,0.33641880012143843
46.1492128678987,0.34,0.3359486678350173,0.0006213410020764616,0.3347464820290288,0.3372142210060767
46.2258726899384,0.34,0.33635912422197267,0.0005175333992862176,0.33554036498740336,0.3375540401207211
46.3025325119781,0.34,0.33690737464972237,0.0005565968192767621,0.3360039625005451,0.3379541798766586
46.379192334017795,0.34,0.3373093794953351,0.0006080794960079133,0.3361908102389127,0.33845668374274446
46.455852156057496,0.34,0.33780673080465035,0.000627954117759173,0.3369120573944773,0.3391482187184107
46.53251197809719,0.34,0.3383124531111463,0.0005899855312658095,0.3374327328054209,0.33941993556683636
46.60917180013689,0.34,0.3388525780070553,0.000617401325076848,0.3377726954014521,0.3399407938435088
46.68583162217659,0.34,0.33927066787779503,0.0005279352022619527,0.3385036898973658,0.3402328770134354
46.76249144421629,0.34,0.3398752081305305,0.0005444553016065764,0.33884124316410963,0.34098968300472193
46.83915126625599,0.34,0.3403558364941257,0.0005768259486743874,0.3391847333038707,0.34152646959218513
46.91581108829569,0.34,0.34088889028114233,0.0005008061175339822,0.33998823926201244,0.34192430903666376
46.992470910335385,0.34,0.34139842848355095,0.0005632209707950376,0.3404377694058737,0.34229900143370096
47.069130732375086,0.34,0.34188867057058014,0.0006403351763391296,0.3407001575256819,0.34312099061938406
47.14579055441479,0.34,0.3424151396367146,0.0006739424378812385,0.34117945113894393,0.3436197866926772
47.22245037645448,0.34,0.3430704589145773,0.000715369486309226,0.341442110845982,0.3444254546494759
47.29911019849418,0.34,0.34357032519477576,0.0006830734008881473,0.34239934730862026,0.34482426816861134
47.37577002053388,0.34,0.34421845075716617,0.0007098950085310472,0.34283994786720706,0.3454598305018606
47.45242984257358,0.34,0.3447828128972399,0.0006620637493286441,0.3437611882067528,0.345917788044799
47.52908966461328,0.34,0.3453286196950493,0.0007461701635465786,0.34412557504541735,0.3466126775691188
47.605749486652975,0.34,0.3460161546007909,0.0007404460200765356,0.34484515026178236,0.3473430905641521
47.68240930869268,0.34,0.3465728429709706,0.0007411391448541423,0.34525025059895414,0.34787129606345746
47.75906913073238,0.34,0.34725483619038877,0.0007409897899117259,0.34601038297671094,0.34878483289227213
47.83572895277207,0.34,0.347925341044432,0.0007414256349860239,0.34669843312708837,0.3492574411198353
47.912388774811774,0.34,0.3485293058661678,0.000793855264262566,0.3470668249320108,0.3501904902307268
47.98904859685147,0.34,0.34923212308783425,0.0007808314818551093,0.34774133255023093,0.3506738123045164
48.06570841889117,0.34,0.34990867363333567,0.0007812641825364077,0.34853215977817625,0.3511390816257876
48.14236824093087,0.34,0.3506428732039145,0.000743662840181096,0.3495307020138952,0.35191761100750274
48.219028062970565,0.34,0.3511736805014929,0.0007720325272775655,0.3499554236434263,0.35259295613033065
48.29568788501027,0.34,0.3519137392111469,0.0006843564499899318,0.35066842126924974,0.35311985298976817
48.37234770704997,0.34,0.35256477619271903,0.0006331418329130686,0.3513398732577607,0.3537403475548063
48.44900752908966,0.34,0.35317099098476457,0.0007630006917928398,0.3516324235894497,0.3546645252831763
48.525667351129364,0.3466666666666667,0.35385540203474447,0.0007747002556288176,0.3524062696352068,0.35521284145320164
48.602327173169066,0.3466666666666667,0.3544668752209506,0.0007427662599245997,0.35327273620088834,0.3558438700389892
48.67898699520876,0.3466666666666667,0.3550963172249618,0.0007503272057991189,0.35346030883346125,0.3563293613276749
48.75564681724846,0.3466666666666667,0.3557401939278057,0.0007915076225009623,0.35413060494677684,0.3572906043450188
48.832306639288156,0.3466666666666667,0.3563701370832375,0.00078817261629028,0.35502443866730676,0.35779034391402903
48.90896646132786,0.35333333333333333,0.3568807636332604,0.0008128395211422732,0.3553393657370587,0.35833480848526045
48.98562628336756,0.35333333333333333,0.35751612990061055,0.0008188761124051479,0.3560252419114515,0.35902461644357353
49.06228610540725,0.35333333333333333,0.3580979940954368,0.0008073166087071742,0.3566720722293926,0.35928592953687205
49.138945927446954,0.35333333333333333,0.3586586062866433,0.0007531976842452423,0.35708105059862144,0.3597856464851118
49.215605749486656,0.35333333333333333,0.35926923810350336,0.0007065271894369959,0.3577717174964339,0.360735294978469
49.29226557152635,0.35333333333333333,0.359674447956932,0.0006221991959545878,0.35855892187399363,0.3610060641380916
49.36892539356605,0.35333333333333333,0.3601272741289586,0.0006297497333706093,0.35900718229877193,0.3612316116698836
49.445585215605746,0.35333333333333333,0.3606448896605839,0.0006450811653474053,0.35939251716028253,0.3618636572193799
49.52224503764545,0.35333333333333333,0.3610339210493504,0.0006116582314520615,0.35996149145982315,0.362190229109255
49.59890485968515,0.35333333333333333,0.3615176460009632,0.0005658168062690606,0.36039995581398976,0.3627173094950862
49.67556468172484,0.35333333333333333,0.3618572956773243,0.0005853451850669249,0.36085252971825715,0.3628719619692029
49.752224503764545,0.35333333333333333,0.36223124679795554,0.0005439754374104006,0.36101954854440216,0.36321326740159676
49.828884325804246,0.35333333333333333,0.36263339233713715,0.0005582783155437623,0.36156001086086337,0.3637452804982732
49.90554414784394,0.35333333333333333,0.36298775990139087,0.0005660894599573812,0.36185018172914113,0.36393140810900004
49.98220396988364,0.35333333333333333,0.36328199196384053,0.0005582360639243975,0.3621210805661799,0.36429037423635097
50.05886379192334,0.35333333333333333,0.3635803709413756,0.0005185851259617906,0.3622705937147052,0.3645660258818473
50.13552361396304,0.35333333333333333,0.36385202974364994,0.0004929886571352931,0.36249405513168576,0.36459943909768106
50.21218343600274,0.35333333333333333,0.3641238175685156,0.00046888278906299675,0.3630282796319334,0.3649035103409562
50.288843258042434,0.35333333333333333,0.3643827516027008,0.00035405686030774215,0.3635870916639971,0.36488312266899425
50.365503080082135,0.35333333333333333,0.3646375714291132,0.00035311581497859094,0.3638214290543596,0.36528964290635607
50.44216290212184,0.36,0.3648397778429389,0.00033081036286782906,0.36417496498984653,0.3653499292440541
50.51882272416153,0.36,0.3650398686166475,0.00033236609062027713,0.36431981340414415,0.36565471676923367
50.59548254620123,0.36,0.36517652846068765,0.00033138997681067355,0.3644774207878284,0.36575703601937276
50.672142368240934,0.36,0.365337472722217,0.00033875584263407324,0.36461454558410533,0.3658573261289184
50.74880219028063,0.36,0.3654619033272513,0.0003112090241021173,0.36482980617384747,0.3659851788075318
50.82546201232033,0.36,0.3656204923030601,0.0002814710173363778,0.3650043700215434,0.3660518974619881
50.902121834360024,0.36,0.3657791292775371,0.00024819755928954975,0.36528945959353615,0.36613435201279415
50.978781656399725,0.36,0.36586833191466284,0.00023124161510846596,0.36537291066612426,0.3662000719957869
51.05544147843943,0.36,0.365993164321245,0.0002094235870376794,0.3654806352878306,0.36629400902622505
51.13210130047912,0.36,0.36609404724070205,0.00018095975131100182,0.36569910185917087,0.36637494601873527
51.20876112251882,0.36,0.36617032688325424,0.0001804928157683751,0.3658530447703023,0.366486409018649
51.285420944558524,0.36,0.36627451539456246,0.00015737044530384964,0.365915308818672,0.3665768898851127
51.36208076659822,0.36,0.36636450653960706,0.000147654082340645,0.3660004759664827,0.36660308289785853
51.43874058863792,0.36,0.3664196526350516,0.0001532454224917704,0.36608742382898285,0.36666692020896235
51.51540041067762,0.36,0.36650380958814177,0.0001424991744998176,0.3661828373895633,0.36675897334996144
51.592060232717316,0.36,0.36654089267621454,0.0001507589997727129,0.3661648460730848,0.3667936576036424
51.66872005475702,0.36,0.3666419308058003,0.00015497136346394926,0.3662702472347333,0.36686275872378576
51.74537987679671,0.36,0.36668913435799466,0.00016482151478672895,0.36631741924139194,0.36698774254662825
51.82203969883641,0.36,0.36675564938040267,0.00015454479453671876,0.36639573725942365,0.3669747217782167
51.898699520876114,0.36,0.3668153440969391,0.00015288980385513338,0.36647018647415697,0.36706643254021043
51.97535934291581,0.36,0.36687291410884165,0.00016301955965920443,0.36654997474381495,0.3671725405941746
52.05201916495551,0.36,0.36693139484569665,0.00016696380854868374,0.3666442310013601,0.3672670510041574
52.12867898699521,0.36,0.36700240965449327,0.0001809786556572794,0.366723315784053,0.36739655461034787
52.205338809034906,0.36,0.3670438919427639,0.00019466679833191758,0.3667076127121201,0.3673381322177732
52.28199863107461,0.36,0.36708321467497784,0.00019456509988855362,0.3667944553786711,0.36747642008292264
52.3586584531143,0.36,0.3671644127560977,0.00021130428308210257,0.36684972148714046,0.3675933769158672
52.435318275154,0.36,0.36722779706426245,0.0002191854199179261,0.36692999101386464,0.3676624181114264
52.511978097193705,0.36,0.36729432793323497,0.0002247480915048276,0.3669593237676625,0.36779542701010626
52.5886379192334,0.36,0.3673951635805993,0.00023088095364595266,0.3670230462424233,0.3678177226776453
52.6652977412731,0.36,0.3674896604011893,0.00023049451928558898,0.3671446769955692,0.3679457771847459
52.7419575633128,0.36,0.36757343776932616,0.00025565129041534663,0.367158665267409,0.3680785299831142
52.818617385352496,0.36,0.3676233925844103,0.00024894203842501327,0.3672206451403873,0.36814641448755053
52.8952772073922,0.36,0.36771863127140586,0.00024305150003066177,0.36730879484342904,0.3681737973133646
52.9719370294319,0.36,0.36784054589095866,0.00029558530171779545,0.36735363127125287,0.3683400579540236
53.04859685147159,0.36,0.36795608303697036,0.0003033054468882188,0.36745110060906666,0.3685491500570306
53.125256673511295,0.36,0.36807165258033414,0.0003173603929623767,0.36759000802611147,0.3687012751155082
53.20191649555099,0.36,0.3681898621991002,0.0003356074648392069,0.36769293461105795,0.3688170611886514
53.27857631759069,0.36,0.3683343786800659,0.0003665497115698119,0.36779238835708594,0.3689531176901025
53.35523613963039,0.36,0.36848754588679006,0.0003552047192506634,0.3679394522578352,0.3692402588599444
53.43189596167009,0.36,0.36865825738456365,0.0003497636342859237,0.3680460209794367,0.3693838333809403
53.50855578370979,0.36,0.3687873024182137,0.0003266106884229354,0.368267733546879,0.3694540284481908
53.58521560574949,0.36,0.3689392610683656,0.0003462210143452629,0.36841029858966495,0.3695563034488379
53.661875427789184,0.36,0.3690638746404915,0.00030533874096353727,0.3684747973528223,0.3696219444692481
53.738535249828885,0.36,0.36921287417072796,0.0003206970597936546,0.3686362259585264,0.3699232607460396
53.81519507186858,0.36,0.3693856258359357,0.00034862304218634285,0.36879797542189935,0.3699371671321528
53.89185489390828,0.36,0.36958366467764203,0.0003427819792620769,0.36888047489731807,0.37021122170702025
53.96851471594798,0.36,0.36972274622041723,0.0003173992044883181,0.36910530993940377,0.37038402040200386
54.04517453798768,0.36,0.3698765148381565,0.00033170627216493433,0.36927012467943954,0.3704936950656237
54.12183436002738,0.36,0.3700888982219698,0.000333774705695865,0.36955773076565684,0.37072602880495487
54.19849418206708,0.36,0.370271061709269,0.0003261668412802948,0.3697253424876961,0.3709107862632388
54.275154004106774,0.36,0.3704623066816915,0.00031371575178249146,0.369950364235148,0.3710201560088793
54.351813826146476,0.36,0.3706040270963682,0.00033817062046961205,0.3700369163432563,0.3712300372124081
54.42847364818618,0.36,0.37079256030786484,0.0003540736740393796,0.3701138978839055,0.3713628550835365
54.50513347022587,0.36,0.37094477819783156,0.0003506263581410227,0.37013766428727607,0.3715487849378861
54.58179329226557,0.36,0.37109054785955214,0.00038442864250790503,0.37031553682139307,0.3717269775312838
54.65845311430527,0.36,0.37128185775362793,0.0003389480181384729,0.3707654454331303,0.37185863888978526
54.73511293634497,0.36,0.3714850856877446,0.0004071391065307437,0.37069101000025406,0.3722083093055371
54.81177275838467,0.36,0.3717310810108434,0.0003576253508633476,0.3711084825783402,0.372398423910162
54.888432580424364,0.36,0.3719447148270546,0.00038586967791151463,0.37138706304853814,0.37262899369513575
54.965092402464066,0.36,0.37214065026229465,0.00035065839642383213,0.37154836388366236,0.37276676833543604
55.04175222450377,0.36,0.37233050455290173,0.0003834340804188957,0.3715986083785329,0.3730266950193124
55.11841204654346,0.36,0.3725521127730245,0.00040611596213688413,0.37181354782635445,0.3733763077730806
55.19507186858316,0.36,0.3727442314476122,0.00046628576956586675,0.37182084795067916,0.37353692292284285
55.27173169062286,0.36666666666666664,0.3729714940325017,0.00044228504018197233,0.37215895964960544,0.3738720831762996
55.34839151266256,0.36666666666666664,0.37315073022538153,0.0004306573462845781,0.37248760633533584,0.37405440250230393
55.42505133470226,0.36666666666666664,0.3734025790004553,0.0004107026479479624,0.3727796096365844,0.3743852895722302
55.501711156741955,0.36666666666666664,0.3736996433491507,0.00041337306015437977,0.3730388198270036,0.3745915286812324
55.578370978781656,0.36666666666666664,0.3739435862822691,0.0004078257846741918,0.37323040626722737,0.3748581006468935
55.65503080082136,0.36666666666666664,0.374214861982511,0.0004119010019738787,0.37351961500434555,0.3753371225558985
55.73169062286105,0.36666666666666664,0.37443765410938146,0.0004346191048393631,0.3737633484893668,0.37525465710007067
55.80835044490075,0.36666666666666664,0.374698771099612,0.00041307354338505887,0.3741265176233177,0.37553439200290223
55.885010266940455,0.36666666666666664,0.3749262295393851,0.00040330693061257065,0.3743192307610235,0.3757223519273913
55.96167008898015,0.36666666666666664,0.37521845943904486,0.0004115057485317333,0.37434871444231055,0.37594839250055995
56.03832991101985,0.36666666666666664,0.3754723569583943,0.0004379163627444143,0.3746651749350365,0.37637667617655834
56.114989733059545,0.36666666666666664,0.3758115834622616,0.0004274908638858245,0.37497380822634335,0.3765406857967582
56.19164955509925,0.36666666666666664,0.376055977120233,0.0004893510201649038,0.37509524644275116,0.37702657597923384
56.26830937713895,0.36666666666666664,0.3763260573706468,0.0004540125555399758,0.37550011002702927,0.37733917466765493
56.34496919917864,0.36666666666666664,0.3766150451863552,0.0004687466740998317,0.3757737375600744,0.37756269851750873
56.421629021218344,0.36666666666666664,0.37688435532932535,0.00046173940735353027,0.3760971447391447,0.3777036834274178
56.498288843258045,0.36666666666666664,0.3771954880656221,0.0004786936746583078,0.3764621610458562,0.3781034545874484
56.57494866529774,0.36666666666666664,0.3774598099482646,0.000466902179739196,0.37653245045225076,0.37826818667006346
56.65160848733744,0.36666666666666664,0.37778440052978396,0.0004875742077243544,0.3769520573677924,0.3786450518181812
56.72826830937714,0.37333333333333335,0.3780666540791374,0.0005135026914348481,0.3772219546425493,0.3790604374968819
56.80492813141684,0.37333333333333335,0.3783841084830267,0.0005122915206304126,0.37756657521489007,0.3793783666993769
56.88158795345654,0.37333333333333335,0.37867159751622737,0.0004971196454392515,0.3777898451436512,0.3796344754858124
56.95824777549623,0.37333333333333335,0.3789525380596357,0.0004696064640638119,0.37809250251308196,0.37983545549999453
57.034907597535934,0.37333333333333335,0.37924120587027255,0.00044875370890385985,0.3784553634414322,0.3800887267421584
57.111567419575636,0.37333333333333335,0.3794730468984465,0.0003936958796554418,0.37883639470286073,0.3803612146840524
57.18822724161533,0.37333333333333335,0.37969724507882524,0.0003757086966947764,0.3790619752208533,0.3804064231448949
57.26488706365503,0.37333333333333335,0.37995871999142794,0.0004004850409970343,0.37914038994430005,0.3805318916285867
57.34154688569473,0.38,0.38017317606855,0.0003406101745720618,0.3795122404779769,0.3807861429851315
57.41820670773443,0.38,0.3803572436422379,0.00037512839744222476,0.37957815128134137,0.38090520162556596
57.49486652977413,0.38,0.3806186134964326,0.00038041523060697893,0.3796888360951324,0.3812176603350293
57.57152635181382,0.38,0.38084889719069087,0.00044118008897103264,0.3798987751008356,0.3815859082171111
57.648186173853524,0.38,0.38109478690084875,0.0003782556992853251,0.3804575731218894,0.3817991248288615
57.724845995893226,0.38,0.38132163268028635,0.0003834618246149882,0.3805852224355001,0.38202873235448087
57.80150581793292,0.38,0.38149952662214676,0.0003950790528903001,0.3807201141849004,0.38220921668782687
57.87816563997262,0.38666666666666666,0.3817846834815752,0.0004303733792232289,0.38102028664285476,0.38261647478505445
57.95482546201232,0.38666666666666666,0.3819334649540645,0.0003931829549953311,0.38116531450984353,0.3826756672044302
58.03148528405202,0.38666666666666666,0.38218583433380116,0.000421759454243767,0.38145648388136455,0.3829564778934063
58.10814510609172,0.38666666666666666,0.38238890036508194,0.00044998604327616584,0.38175890644514826,0.38317487288138213
58.18480492813142,0.38666666666666666,0.382579529090344,0.0004607938812091479,0.381867266876345,0.3834780704898489
58.261464750171115,0.38666666666666666,0.38278260752361376,0.00043512532147093333,0.38199650564859877,0.38357074190052093
58.338124572210816,0.38666666666666666,0.3829988524670387,0.000425898081045459,0.382250581765746,0.3838237782326558
58.41478439425051,0.38666666666666666,0.38314343168708975,0.00042619860222617217,0.3824018908670419,0.3838731108204571
58.49144421629021,0.38666666666666666,0.38328813756652985,0.00035770686310060315,0.38269770137246967,0.38390822598368674
58.56810403832991,0.38666666666666666,0.38344537559031516,0.00039564502859405635,0.3826745066451012,0.3841801624762595
58.64476386036961,0.38666666666666666,0.38360267145951377,0.0004015582487496908,0.3828961577614262,0.38437649759089937
58.72142368240931,0.38666666666666666,0.38373295429453114,0.0003623689278959092,0.3832785958001184,0.38453574669496116
58.79808350444901,0.38666666666666666,0.38388196440043615,0.00040074776146295786,0.3831914107074273,0.38482199308749715
58.874743326488705,0.38666666666666666,0.38398447499862665,0.0003583774199966176,0.38341379439177076,0.38473451696978533
58.95140314852841,0.38666666666666666,0.38411385696362627,0.000357536728736581,0.38344122340362446,0.3846917749064562
59.0280629705681,0.38666666666666666,0.38418882283611383,0.00040320245098239544,0.38346300917207155,0.3848554764625315
59.1047227926078,0.38666666666666666,0.3843465617664652,0.0003898044260559905,0.383716176583472,0.3850561301539681
59.181382614647504,0.38666666666666666,0.38451642704293554,0.0004382962873435276,0.38369064009146975,0.385253642529986
59.2580424366872,0.38666666666666666,0.3846969615543724,0.0004889090138170482,0.383844260391164,0.38575516403316595
59.3347022587269,0.38666666666666666,0.38476852446627113,0.0005295473454514812,0.3838814772115399,0.3856515211364026
59.4113620807666,0.38666666666666666,0.3849093584478701,0.0004886524775491714,0.3840736932849224,0.38585019505493173
59.488021902806295,0.38666666666666666,0.38505110782480206,0.0005612142482336409,0.3841845454007311,0.3861333599019823
59.564681724846,0.38666666666666666,0.3851553201497724,0.0006222948742668049,0.3843056941573574,0.38662128912843097
59.6413415468857,0.38666666666666666,0.38533751422847823,0.0006706569112906614,0.38444243300982556,0.38690768169295914
59.71800136892539,0.38666666666666666,0.38537172133689346,0.0007259069559084038,0.3844479397019637,0.38722339188865085
59.794661190965094,0.38666666666666666,0.38554428658055834,0.000889198428664205,0.3843499865811704,0.3877932634362887
59.87132101300479,0.38666666666666666,0.38553869053527956,0.0011028418406984278,0.3838043897866478,0.38796126776290635
59.94798083504449,0.38666666666666666,0.3856379300841602,0.0016819002885831776,0.3830888960574514,0.38930153953569135
